entity,target_entity,predicted_label,true_label
"Winnie, Inc.",Android,product_or_service_of,undefined
Duplex,Marker International,brand_of,product_or_service_of
Lion,Stone & Wood Brewing Co.,shareholder_of,shareholder_of
Bell Canada,"Cellport Systems, Inc.",collaboration,collaboration
GETCO,Global Electronic Trading Company,brand_of,subsidiary_of
Caspian Drilling Company,State Oil Company of Azerbaijan Republic,subsidiary_of,subsidiary_of
Wii,oeFun,product_or_service_of,client_of
Roja,Aalayam Productions,undefined,product_or_service_of
BMD Group,The Australian Financial Review,undefined,undefined
MidOcean Partners,Morgan Stanley,undefined,competitor_of
Time Life Television,McGraw-Hill,acquired_by,acquired_by
Lowry Solutions,Printronix,client_of,client_of
MidOcean Partners,Diamond Castle Holdings,undefined,competitor_of
"Rubio's Restaurants, Inc.",Orange Julius,undefined,undefined
Neptune Comic Distributors Ltd.,Titan Distributors,undefined,undefined
Dragon Ball Z,Webfoot Technologies Inc.,product_or_service_of,product_or_service_of
Nomad,The New York Times,undefined,undefined
DX Freight,London Stock Exchange,traded_on,traded_on
GNOME,Openismus,collaboration,product_or_service_of
Third Federal,Bauer Financial,regulated_by,undefined
"Endurance International Group, Inc.",Accel-KKR,shareholder_of,subsidiary_of
Yale University,Phibro Animal Health Corporation,undefined,undefined
Foreigner,Unique Recording Studios,client_of,undefined
Malinche Entertainment,Android,product_or_service_of,undefined
Comp Air,Blue Yonder Aviation,client_of,collaboration
Price Rite,Wakefern Food Corporation,subsidiary_of,subsidiary_of
Entertainment UK,Kingfisher,subsidiary_of,acquired_by
Granite Ventures,Sendmail,shareholder_of,shareholder_of
UBM Aviation,UBM plc,subsidiary_of,subsidiary_of
Fontana North,Fontana Distribution,collaboration,collaboration
Crosslink Capital,LucidEra,shareholder_of,shareholder_of
Supermarket Direct,Somerfield,subsidiary_of,acquired_by
"Medivation, Inc.",Food and Drug Administration,regulated_by,regulated_by
TLC,Imagen Satelital S.A.,undefined,brand_of
Tennessee Tornado,Rocky Mountain Construction,undefined,product_or_service_of
Surly Bikes,Salsa Cycles,undefined,undefined
Mirage Resorts,Qintex Limited,shareholder_of,shareholder_of
Content & Co,YouTube,product_or_service_of,undefined
Golden Rule Insurance Company,Republican Party,collaboration,undefined
Silver Spring Networks,Pacific Gas and Electric Company,client_of,client_of
Barry Lyndon,Hawk Films,product_or_service_of,product_or_service_of
Anchor,iOS,product_or_service_of,undefined
Sycamore Partners,Kurt Geiger,subsidiary_of,undefined
Gucci,Rebag,brand_of,client_of
Tablo,Channel Master,competitor_of,competitor_of
Enerkem,Lehigh University,collaboration,undefined
Doctor Zhivago,Cinematografía Española Americana S.A.,client_of,product_or_service_of
Aker BioMarine AS,Aker ASA,subsidiary_of,undefined
Five,Atlantic Productions,client_of,client_of
XS Platinum Inc.,Tiffany & Co.,collaboration,collaboration
Subway,CANEX,brand_of,brand_of
Sandstorm Gold Ltd.,TSX Venture Exchange,traded_on,traded_on
Hawker Siddeley Switchgear,FKI,acquired_by,acquired_by
Dark Tranquillity,Cabin Fever Media,client_of,client_of
GrayMatter Software,Qlik,collaboration,collaboration
"Rescale, Inc.",Microsoft Azure,collaboration,collaboration
Aai Kuthe Kay Karte!,Director's Kut Productions,product_or_service_of,product_or_service_of
Roscoe's House of Chicken 'N Waffles,Rush Hour,undefined,collaboration
SomaLogic,Nasdaq,traded_on,traded_on
Spotlight Group Holdings,Peregrine Corporation,competitor_of,competitor_of
All Power Labs,Burning Man,collaboration,collaboration
Ford,Carbon Motors Corporation,undefined,undefined
MTV,Colossal Pictures,client_of,client_of
Indian Idol,KS Oils Limited,collaboration,brand_of
Index Fund Advisors,Dimensional Fund Advisors,product_or_service_of,undefined
AS Eesti Merelaevandus,Estline,subsidiary_of,undefined
Mauser,Otto Eberhardt Patronenfabrik,brand_of,product_or_service_of
Rockwell Medical Inc.,Food and Drug Administration,regulated_by,regulated_by
I Love Sarah Jane,Blue-Tongue Films,product_or_service_of,product_or_service_of
Lifetime,National Picture Show,client_of,client_of
Daisy Rock Girl Guitars,KMC Music,collaboration,collaboration
Varsity,Barracuda,acquired_by,acquired_by
Embega S. Coop.,Mondragon Corporation,subsidiary_of,subsidiary_of
The Book of Pooh,Shadow Projects,product_or_service_of,product_or_service_of
Victory Road,"Tradewest, Inc.",product_or_service_of,product_or_service_of
Tonka,Webfoot Technologies Inc.,product_or_service_of,product_or_service_of
The Táin,Dolmen Press,product_or_service_of,product_or_service_of
Argyll Ferries Ltd,Transport Scotland,subsidiary_of,subsidiary_of
Cashino,Gauselmann,subsidiary_of,subsidiary_of
"IFM Therapeutics, LLC",Atlas,shareholder_of,subsidiary_of
Technicolor SA,Thomson Video Networks,subsidiary_of,undefined
Manitoba Pool Elevators,Saskatchewan Wheat Pool,subsidiary_of,subsidiary_of
Vons,Pavilions,brand_of,undefined
Odyssey Software,American Video Entertainment,client_of,collaboration
Spring,Grails,collaboration,acquired_by
West Cornwall Pasty Company,Ginsters,competitor_of,undefined
WFAN,Infinity Broadcasting Corporation,acquired_by,acquired_by
Asure Software,Cisco,undefined,undefined
BT Consumer,BT Mobile,subsidiary_of,subsidiary_of
Black Sheep Brewery,Scottish & Newcastle,undefined,acquired_by
Chance,PM Entertainment,product_or_service_of,product_or_service_of
Twilight,Creation Entertainment,product_or_service_of,product_or_service_of
"Ku6 Media Co., Ltd.",Shanda Group,subsidiary_of,acquired_by
MPM Erelis,MPM Motors,product_or_service_of,product_or_service_of
Shopkins,Moose Toys,product_or_service_of,product_or_service_of
Livingbridge,SLR Consulting Ltd,shareholder_of,shareholder_of
News 13,"Bright House Networks, LLC",product_or_service_of,product_or_service_of
Triad Securities,FINRA,regulated_by,regulated_by
Trader Media East,Trader Classified Media,subsidiary_of,subsidiary_of
Empire,Spiegelworld,product_or_service_of,product_or_service_of
Ferrari,Vandenbrink Design,collaboration,client_of
"Jensen Hughes, Inc.",University of Waterloo,collaboration,collaboration
Cambium Learning Group,VSS,shareholder_of,shareholder_of
GE MDS / MDS / Microwave Data Systems,GE Renewable Energy,subsidiary_of,subsidiary_of
Philippine Racing Club,Manila Jockey Club,competitor_of,competitor_of
YinzCam,Pittsburgh Steelers,product_or_service_of,collaboration
Magnetic Video Corporation,VHS,undefined,undefined
Sikorsky Credit Union,SUM,collaboration,collaboration
MaineToday Media,The Seattle Times,acquired_by,acquired_by
Topshop,Dorothy Perkins,competitor_of,brand_of
Clutch,g2o,subsidiary_of,undefined
"Pet, Inc.",Eagle,brand_of,brand_of
Lynx,"Advanced Battery Technologies, Inc",brand_of,brand_of
Leo,TN Mobile,acquired_by,acquired_by
"Stockbridge Capital Group, LLC",Churchill Downs Incorporated,acquired_by,undefined
Decker Brothers,Steinway & Sons,competitor_of,competitor_of
Surfer,Academy Films,product_or_service_of,product_or_service_of
RallyPoint,Harvard Business School,collaboration,collaboration
Systime Computers Ltd,Digital Equipment Corporation,client_of,client_of
iSeeCars,Forbes,client_of,collaboration
Control Data Corporation,NetSys International  LTD,client_of,collaboration
"BullsEye Telecom, Inc.",One Communications,collaboration,collaboration
Rocky Mountain Outlook,Great West Media L.P.,acquired_by,product_or_service_of
MTV,Skellington Productions,client_of,client_of
SystemSpecs,Infor,collaboration,collaboration
1917,New Republic Pictures,product_or_service_of,product_or_service_of
Baxi,Remeha,merged_with,merged_with
Madison Guaranty Savings and Loan Association,United States Congress,regulated_by,regulated_by
Acme Packet,Huawei,competitor_of,competitor_of
Furness Shipbuilding Company,James Fisher and Sons plc,acquired_by,acquired_by
"Halcyon Monitoring Solutions, Inc.",Oracle,collaboration,collaboration
SuperValue,Woolworths New Zealand ,subsidiary_of,subsidiary_of
British Knights,Public Enemy,collaboration,collaboration
YES. Snowboards Inc.,SWS,client_of,client_of
Aero Engine Controls,Goodrich Corporation,acquired_by,acquired_by
Alliance & Leicester International Limited,Bradford & Bingley,merged_with,undefined
Strata,WRIF,undefined,undefined
TV4 AB,Bonnier,subsidiary_of,subsidiary_of
CoreFiling Ltd.,Unit4,client_of,collaboration
Roses,"Variety Wholesalers, Inc.",acquired_by,subsidiary_of
MVS Comunicaciones,"Dish México, S. de R. L. de C.V.",subsidiary_of,shareholder_of
Pepco Holdings,Baltimore Gas and Electric,undefined,acquired_by
Beefeater,Barbeques Galore,product_or_service_of,brand_of
Wraith Games,iOS,client_of,undefined
Audio Analytic,Centrica plc,collaboration,collaboration
Intel Capital,MovieBeam,shareholder_of,shareholder_of
"Locomotive Games, Inc.",EA Sports,undefined,undefined
Hungry Bear Media,Sky Vision,collaboration,collaboration
Richter LLP,RSM International,undefined,collaboration
Speed,Amp'd Mobile Inc.,product_or_service_of,product_or_service_of
John G. Kincaid & Company,British Shipbuilders,acquired_by,subsidiary_of
Consolidated Media Holdings,Fox Sports News,shareholder_of,shareholder_of
Entertainment UK,Bertram Trading Limited,undefined,undefined
"Solar Liberty Energy Systems, Inc.",Inc. Magazine,undefined,undefined
"Friedman's, Inc.",Crescent,merged_with,undefined
Football Foundation,Playfinder,client_of,collaboration
Cosmic Voyage,Zacuto,undefined,undefined
Silvercorp Metals Inc.,TSX Venture Exchange,traded_on,traded_on
This is L. Inc.,Forbes,undefined,undefined
SkilledUp,TechCrunch,undefined,undefined
Richard Shops,Storehouse plc,subsidiary_of,subsidiary_of
"Archipelago Films, Inc.",HBO,collaboration,collaboration
Cisco,New Horizons Computer Learning Centers,collaboration,client_of
Blue Sky Network,Iridium,client_of,collaboration
Boston Store,"Saks, Inc.",acquired_by,brand_of
Animal Planet,BASE Productions,client_of,client_of
PathGuide Technologies,Infor,collaboration,collaboration
DarXabre,iOS,product_or_service_of,collaboration
OPTrust,Kinetic Group,shareholder_of,shareholder_of
Leland Corporation,WMS,acquired_by,acquired_by
TCBY,Burger King,collaboration,collaboration
GTR,Keinath,product_or_service_of,product_or_service_of
Gascoyne Trading Company,Wesfarmers,acquired_by,acquired_by
Five,Mount Stuart Media Ltd.,client_of,client_of
The Four Just Men,Sapphire Films Ltd.,product_or_service_of,product_or_service_of
Tina,Equiinet,product_or_service_of,product_or_service_of
Atlantic Marine,BAE Systems Southeast Shipyards,acquired_by,acquired_by
Fear,Khmer Mekong Films,product_or_service_of,product_or_service_of
iPod,"Neuros Technology International, LLC",undefined,undefined
Wirefly,InPhonic,client_of,brand_of
Dryworld Industries Inc.,Watford,collaboration,collaboration
Whalerock Industries,Yahoo!,undefined,undefined
R5,Cugini Randi,product_or_service_of,product_or_service_of
EcoSecurities,London Stock Exchange,traded_on,traded_on
Trimaran Capital Partners,Drexel Burnham Lambert,undefined,undefined
ZeroTurnaround AS,Java,undefined,undefined
Lionheart,Capitol Music Group Sweden,merged_with,undefined
"Christian Era Broadcasting Service International, Inc",Eagle FM,undefined,undefined
Snow Aeronautical,Britten-Norman,shareholder_of,client_of
Galliard Homes,Carbuncle Cup,undefined,undefined
Broadnet Holdings BV,Comcast Corporation,shareholder_of,subsidiary_of
Australian Transport Network,Walkers,undefined,collaboration
New Enterprise Associates,"Stride Health, Inc.",shareholder_of,shareholder_of
Odisha Power Generation Corporation Limited,Odisha Coal and Power Ltd,shareholder_of,shareholder_of
Megaphone,Slate,subsidiary_of,undefined
Icemat,Basshunter,undefined,collaboration
Expekt.com Ltd,Wimbledon,undefined,collaboration
Ontario Student Trustees' Association,Ministry of Education,collaboration,collaboration
Peter Pan,Vox Lumiere,undefined,product_or_service_of
Phibro Animal Health Corporation,Nasdaq,traded_on,traded_on
Saffron Building Society,Building Societies Association,collaboration,collaboration
Raycom Sports,Gray,client_of,collaboration
ECI Partners,Great Rail Journeys,shareholder_of,undefined
Ecofibre Limited,Australian Securities Exchange,traded_on,traded_on
Frisbee,Switchover Media,brand_of,product_or_service_of
HGTV,Kornhaber Brown,client_of,client_of
Pharmacia & Upjohn,Johnson & Johnson,acquired_by,undefined
Deukom,Satelio,collaboration,collaboration
Contessa 32,Jeremy Rogers Limited,product_or_service_of,product_or_service_of
Chevrolet,MOFILM,client_of,client_of
"Support.com, Inc.",iOS,undefined,undefined
Lazy 8 Studios,Irrational Games,client_of,collaboration
Team GB,Kitbag,client_of,client_of
GGV Capital,BitSight,shareholder_of,shareholder_of
Atlas Mara Limited,BancABC,shareholder_of,shareholder_of
Amazing Greys,Eyeworks,collaboration,product_or_service_of
High-Tech Gründerfonds,Gestigon,shareholder_of,shareholder_of
Supergirl,Camera Effects Ltd,product_or_service_of,client_of
The Biggest Loser,Blitz Games Studios Limited,product_or_service_of,product_or_service_of
Deutsche Telekom,Portal Software,client_of,client_of
Carol and Brooklyn,Transmission Films,product_or_service_of,product_or_service_of
Simcyp Limited,University of Sheffield,subsidiary_of,undefined
El Periódico de Catalunya,"Prensa Ibérica Media, S.L.",subsidiary_of,acquired_by
The Yinyang Master,Tau Films,product_or_service_of,product_or_service_of
The Great Gatsby,Morris Angel & Son Limited,product_or_service_of,product_or_service_of
Big Sexy,Atlas Media Corp.,product_or_service_of,product_or_service_of
Penn Medicine,Linguamatics,client_of,client_of
Damnation,Blue Omega,product_or_service_of,product_or_service_of
Estudantes,Cinédia,product_or_service_of,product_or_service_of
Oscar,Flair Software Ltd.,undefined,brand_of
Patanga,Varma Films,product_or_service_of,product_or_service_of
Chamberlain Group,Amazon,collaboration,collaboration
"IEEE GlobalSpec, Inc.",SolidWorks,client_of,collaboration
"Burr, Egan, Deleage & Co.",American Superconductor,shareholder_of,shareholder_of
KRP Properties,Protecode,client_of,collaboration
"Frederator Networks, Inc.",YouTube,client_of,collaboration
Chestertons,Derry & Toms,product_or_service_of,collaboration
Streak,Google Chrome,product_or_service_of,collaboration
The Little Rascals Christmas Special,"King World Productions, Inc.",product_or_service_of,product_or_service_of
Galaxy 19,GlobeCast World TV,product_or_service_of,collaboration
Convergent Technologies,Prime,client_of,collaboration
Montgomery Securities,Robertson Stephens,undefined,undefined
Wireless Broadband Alliance,Wi-Fi Alliance,collaboration,collaboration
BMW,TACO Faurecia Design Center,client_of,client_of
Great West Media L.P.,Black Press,collaboration,collaboration
Commercetools,REWE Group,acquired_by,acquired_by
Amour,Transmission Films,product_or_service_of,product_or_service_of
Railfreight Distribution,Speedlink,brand_of,undefined
Spotify,Stink Studios,client_of,client_of
Weizmann Institute of Science,BiondVax Pharmaceuticals Ltd.,collaboration,collaboration
Kinaxis Inc.,Toronto Stock Exchange,traded_on,traded_on
An Education,Fintage House,product_or_service_of,product_or_service_of
Made in Dagenham,Number 9 Films,product_or_service_of,product_or_service_of
Gaiam Vivendi Entertainment,New Video,merged_with,merged_with
Lion Brewery,Kalgoorlie Brewing and Ice Company,acquired_by,acquired_by
Hummer Winblad Venture Partners,NuoDB,shareholder_of,shareholder_of
NCH Software,Google Toolbar,product_or_service_of,undefined
The Serpent,Living Films,product_or_service_of,product_or_service_of
In-Q-Tel,Socrata,shareholder_of,shareholder_of
Pascal,Technical Systems Consultants,product_or_service_of,product_or_service_of
Superfly,Oxfam,collaboration,collaboration
Amiga,Cope-Com,undefined,product_or_service_of
Lloyds Development Capital,Fevertree Drinks plc,shareholder_of,shareholder_of
Meebo,Traction,client_of,client_of
"Surface Combustion, Inc.",Midland-Ross Corporation,acquired_by,acquired_by
Kab Distribution Inc.,TSX Venture Exchange,traded_on,traded_on
Real3D,Sega,collaboration,collaboration
SIG plc,London Stock Exchange,traded_on,traded_on
Kapital Entertainment,William Morris Agency,undefined,undefined
Norma,FRoSTA Aktiengesellschaft,client_of,client_of
The Bell Fund,Bell Canada,subsidiary_of,subsidiary_of
TekSavvy Solutions Inc.,Bell,client_of,collaboration
Paradyne,DZS,subsidiary_of,acquired_by
CamFind,"CloudSight, Inc.",product_or_service_of,product_or_service_of
My Car Check,ABI,collaboration,collaboration
Biba,Osborne & Little,client_of,client_of
JemJem,iPad,product_or_service_of,collaboration
Braithwaite and Co. Limited,Ministry of Railways,regulated_by,regulated_by
InstallFree Inc,Windows Vista,undefined,undefined
Peter Paul Candy Manufacturing Company,Associated Press,undefined,undefined
Amazon,Symphonic Distribution,client_of,client_of
FlexiLivre,Les Echos,undefined,undefined
SQL Star International Limited,Linux,product_or_service_of,undefined
Chicago Tribune,Vegas.com LLC,undefined,undefined
Education Management Corporation,The Art Institutes,subsidiary_of,collaboration
YesWeHack,TousAntiCovid,collaboration,collaboration
Soundcity Radio Network,Consolidated Media Associates,subsidiary_of,subsidiary_of
"Limbic Software, Inc.",Android,undefined,undefined
Dundee Corporation,Dream Office Real Estate Investment Trust,shareholder_of,shareholder_of
"Bruckmann, Rosser, Sherrill & Co.",Real Mex Restaurants,shareholder_of,shareholder_of
Treibacher Industrie AG,Wienerberger AG,undefined,undefined
Better Homes and Gardens Real Estate LLC,Meredith,product_or_service_of,subsidiary_of
Asciano Limited,GIC Private Limited,shareholder_of,acquired_by
Alpha,Top Aces Inc.,product_or_service_of,product_or_service_of
Revelation Films,Simitar Entertainment,undefined,undefined
Winc,OfficeMax,undefined,undefined
Sun,tombola Ltd,collaboration,collaboration
Refund.me,iOS,product_or_service_of,undefined
Northgate,AuRico Gold Inc.,acquired_by,acquired_by
Al-Futtaim Group,Middle East Bank Kenya Limited,shareholder_of,shareholder_of
Bi-Mart,Pay 'n Save Corporation,subsidiary_of,subsidiary_of
CCMP Capital,Chicago Growth Partners,undefined,shareholder_of
Wainwright Bank & Trust Company,National Organization for Women,collaboration,collaboration
Covisint,Ford,collaboration,collaboration
Akira,Animaze.. iNC,product_or_service_of,product_or_service_of
Presto Food Markets Limited,Allied,subsidiary_of,subsidiary_of
"Scalyr, Inc.",SentinelOne,acquired_by,acquired_by
Zodiac Aerospace,OEMServices,undefined,undefined
"Navajo Communications Company, Inc.",Citizens Telecommunications Company of the White Mountains,undefined,undefined
Yahoo,Invite Media,collaboration,collaboration
The New York Times,Banco Latino,undefined,undefined
Nnooo,PlayStation Vita,product_or_service_of,undefined
Overseas Telecommunications Commission,Telstra Corporation Limited,undefined,undefined
Clover Food Lab,Massachusetts Institute of Technology,client_of,undefined
"Shepardson Microsystems, Inc.",HP Time-Shared BASIC,product_or_service_of,undefined
CriticalBlue Ltd.,Linux,product_or_service_of,undefined
Wesizwe Platinum,China Development Bank,client_of,collaboration
Future Group,Future Generali India Insurance Company Limited,collaboration,shareholder_of
"Techwood Music, Inc.",TBS,product_or_service_of,collaboration
Cerillion Plc,Columbus Communications,client_of,collaboration
VBS Mutual Bank,South African Reserve Bank,regulated_by,regulated_by
"Vinzant Software, Inc.",Microsoft SQL Server,product_or_service_of,undefined
Kaluga Queen,CITES,regulated_by,regulated_by
"Vincent Brooks, Day & Son",Royal College of Art,collaboration,undefined
Mauritius Telecom,Facebook,product_or_service_of,collaboration
Spanfeller Media Group,Forbes,undefined,undefined
Omega Protein Corporation,Clean Water Act,regulated_by,regulated_by
Neptec Design Group,Maxar Technologies,acquired_by,acquired_by
GenealogyBank,NewsBank,client_of,collaboration
Global Fashion Group S.A.,Kinnevik AB,shareholder_of,subsidiary_of
Alex Cross,Greater Cleveland Film Commission,collaboration,product_or_service_of
"Oak View Group, LLC",UBS Arena,collaboration,collaboration
Mutual Alliance Trust Company,Chatham Phenix National Bank and Trust Company of New York,acquired_by,acquired_by
Ember,Realmac Software,product_or_service_of,product_or_service_of
Score a Score,Coca-Cola,client_of,collaboration
T-Online,Ströer SE & Co. KGaA,acquired_by,acquired_by
Solium,Morgan Stanley,client_of,undefined
Antics3D,Antics Technologies,product_or_service_of,product_or_service_of
"Bright Health Group, Inc.",Abrazo Community Health Network,collaboration,collaboration
Coca-Cola,Johannes Leonardo,client_of,client_of
Femforce,AC Comics,brand_of,product_or_service_of
Titanium Resources Group Ltd.,Iluka Resources Limited,acquired_by,acquired_by
University of Calgary,SemBioSys Genetics Inc.,product_or_service_of,shareholder_of
Big Brother,Endemol Shine UK Limited,product_or_service_of,product_or_service_of
Pascal,HiSoft Systems,product_or_service_of,product_or_service_of
"Owler, Inc.",Meltwater,acquired_by,acquired_by
BLME,Prudential Regulation Authority,regulated_by,regulated_by
Scripps-Booth,Zenith Carburetter Company Limited,client_of,product_or_service_of
"Tercica, Inc.",Food and Drug Administration,regulated_by,regulated_by
Grizzly,Film Ventures International,product_or_service_of,product_or_service_of
Fanaa,Yaaraa Productions,product_or_service_of,product_or_service_of
Farmers Trading Company,Woolworths Supermarkets,collaboration,collaboration
YouTube,Kornhaber Brown,client_of,client_of
Day & Zimmerman,Forbes,undefined,undefined
RS-25,Zero Point Frontiers Corp.,product_or_service_of,client_of
Electra,Baxi,shareholder_of,shareholder_of
Harvard University,WHOOP,undefined,undefined
Dragon,Desnoes & Geddes Limited,brand_of,product_or_service_of
Messner Vetere Berger McNamee Schmetterer,Eurocom,acquired_by,acquired_by
Unilever Nigeria Plc,Lever Brothers Nigeria Limited,undefined,undefined
Green River,Schoenhofen Brewing Company,product_or_service_of,product_or_service_of
"Mama, I Want to Sing!",Codeblack Films,product_or_service_of,product_or_service_of
FatWire Software,Oracle,acquired_by,acquired_by
Abbey Life Assurance Company Limited,Phoenix Group,acquired_by,acquired_by
"SunCom Wireless Holdings, Inc.",T-Mobile,acquired_by,acquired_by
Max's Group,Philippine Stock Exchange,traded_on,traded_on
Silvergate Media Holdings Limited,Mercury Filmworks,collaboration,collaboration
Terra Nova,Kapital Entertainment,product_or_service_of,product_or_service_of
National Beef Packing Company LLC,Kansas City Steak Company,acquired_by,shareholder_of
Galloway's Society for the Blind,Lancashire County Council,collaboration,collaboration
Vitesse Semiconductor,Microsemi Corporation,acquired_by,acquired_by
Heinz Wattie's Limited,Goodman Fielder,merged_with,merged_with
Manhattan,Premier FMCG,brand_of,brand_of
Master & Dynamic,Louis Vuitton,collaboration,collaboration
The Record,Alta Newspaper Group L.P.,acquired_by,acquired_by
"Punch Entertainment, Inc.",Aeria Games,acquired_by,competitor_of
Biml,Varigence,product_or_service_of,product_or_service_of
Nexor,Internet Engineering Task Force,collaboration,collaboration
Stanbic Bank Uganda Limited,Grindlays Bank,undefined,undefined
WebRTC,Novanet,undefined,product_or_service_of
Sadis & Goldberg,FINRA,regulated_by,undefined
Cube,Younicos,product_or_service_of,product_or_service_of
Shine TV,Shine Group,subsidiary_of,subsidiary_of
Coast Hotels,University of Alberta,client_of,undefined
Atomic Antelope,Marvel,competitor_of,competitor_of
Semifreddi\u2019s Bakery,Acme,competitor_of,competitor_of
Alba Orbital,Rocket Lab,collaboration,collaboration
Financial Guaranty Insurance Company,CIVC Partners,acquired_by,acquired_by
Masdar,WinWinD Ltd,shareholder_of,shareholder_of
WOR,Buckley Radio,acquired_by,acquired_by
Knight Capital Group,Global Electronic Trading Company,acquired_by,acquired_by
Powershares,Invesco,acquired_by,acquired_by
Blue Cloud Ventures,Wrike,client_of,shareholder_of
Morgan Stanley,KANBAY,client_of,client_of
Pepsi,Synthite,acquired_by,client_of
Chambers Corporation,KitchenAid,collaboration,acquired_by
Zyvex Marine,Zyvex Technologies,acquired_by,client_of
Gilson Brothers Company,Marshalltown Company,shareholder_of,acquired_by
Upfront Ventures,Overture,traded_on,shareholder_of
Exco International,London Stock Exchange,collaboration,traded_on
Cadence13,Goop,acquired_by,collaboration
System C Healthcare Ltd,Symphony Technology Group,acquired_by,acquired_by
Marie Callender's,Castle Harlan,traded_on,acquired_by
Punch Pubs & Co,London Stock Exchange,shareholder_of,traded_on
Bessemer Venture Partners,"MINDBODY, Inc.",acquired_by,shareholder_of
Filene's,The May Department Stores Company,acquired_by,acquired_by
Crescent Communities,Sumitomo Forestry,shareholder_of,acquired_by
Cargill,Yara Belle Plaine Inc,brand_of,shareholder_of
Super Soaker,Larami Corp.,traded_on,product_or_service_of
Danske Bank,Oslo Stock Exchange,competitor_of,traded_on
Yankee Doodle Dandy,Burger King,acquired_by,competitor_of
Schneider Electric,"ETAP - Operation Technology, Inc.",client_of,shareholder_of
Mercedes,Novero,acquired_by,client_of
Amey plc,Servisair,collaboration,undefined
MonkeyPaw Games,Gaijinworks,acquired_by,collaboration
Bowyers,Lloyds Development Capital,product_or_service_of,acquired_by
Book Club,June Pictures,acquired_by,product_or_service_of
IDS Scheer Consulting GmbH,Software AG,product_or_service_of,acquired_by
Dracula,Flame Ventures,acquired_by,product_or_service_of
Kosta Boda,Upsala-Ekeby AB,collaboration,acquired_by
Seeker,ONE Campaign,collaboration,collaboration
masFlight,Bloomberg News,product_or_service_of,undefined
Merge,Locus Computing Corporation,product_or_service_of,product_or_service_of
Spartacus,Blue Heron Press,client_of,product_or_service_of
New York Giants,Hammes Company,traded_on,client_of
Dalgety plc,London Stock Exchange,product_or_service_of,traded_on
RTÉ Television,NTL Communications  Limited,traded_on,product_or_service_of
ShaMaran Petroleum Corp.,TSX Venture Exchange,collaboration,traded_on
Dynamic Diagrams,Ingenta,shareholder_of,collaboration
Sino-Singapore Tianjin Eco-city,Green Silk Road Fund,product_or_service_of,shareholder_of
Mainsoft,Internet Explorer,subsidiary_of,undefined
"Terminal Velocity Aerospace, LLC (TVA)","SpaceWorks Enterprises, Inc.",client_of,subsidiary_of
Lawrence Berkeley National Laboratory,Overaa Construction,undefined,client_of
CBS Corporation,Titan,traded_on,undefined
TECO Chemicals AS,Oslo Stock Exchange,traded_on,traded_on
McGrath Estate Agents,Australian Securities Exchange,brand_of,traded_on
Crunch Fitness,Bally Total Fitness Holding Corporation,brand_of,brand_of
Sunshine,Keebler Company,product_or_service_of,brand_of
Quazatron,Graftgold,client_of,product_or_service_of
New Order,Hypertag,undefined,client_of
SMS.ac Inc.,Chicago Tribune,undefined,undefined
Banca di Credito Popolare,Banco di Napoli,product_or_service_of,undefined
Pascal,HiSoft Systems,collaboration,product_or_service_of
Samtel Avionics,Hindustan Aeronautics Limited,competitor_of,collaboration
FreshCo,Metro,acquired_by,competitor_of
BillerudKorsnäs AB,AS Graanul Invest,collaboration,acquired_by
"Brake Masters, Inc.",Monroe,client_of,collaboration
Lucky Mobile,Glentel Inc.,competitor_of,brand_of
Wise Stores inc.,Zellers,product_or_service_of,competitor_of
Lynx,Baron Services,collaboration,product_or_service_of
Lazydays RV Resort,Tampa Bay Buccaneers,collaboration,collaboration
OLP Guitars,Music Man,shareholder_of,collaboration
Lightspeed Venture Partners,Boundary,subsidiary_of,shareholder_of
John Crane,Smiths Group plc,acquired_by,subsidiary_of
Off Broadway Shoe Warehouse,Rack Room Shoes,client_of,acquired_by
Power Equipment Direct,Facebook,product_or_service_of,undefined
Wilderness,"Electric Transit, Inc.",product_or_service_of,product_or_service_of
T-2,Thomas-Morse Aircraft Corporation,collaboration,product_or_service_of
Revature,Thurgood Marshall College Fund,competitor_of,collaboration
Prezzo,Strada,product_or_service_of,competitor_of
The Legend of the Sky Kingdom,Sunrise Productions,product_or_service_of,product_or_service_of
My Little Pony: The Movie,"Sunbow Entertainment, LLC",client_of,product_or_service_of
Nokia,Veveo,traded_on,client_of
Sopheon,London Stock Exchange,acquired_by,traded_on
Acacia Mining,Barrick Gold,collaboration,acquired_by
Leeann Chin,Rainbow Foods,subsidiary_of,brand_of
San Miguel Corporation,Vega Telecom Inc.,collaboration,shareholder_of
Mind's Eye Entertainment,Trimark Pictures,acquired_by,collaboration
Suburban World Newspapers,Boston Herald,brand_of,acquired_by
Travelex,Finablr,brand_of,brand_of
Seasons,Diamond Estates Wines & Spirits Ltd.,undefined,brand_of
Royal Bank Zimbabwe,Trust Banking Corporation,client_of,competitor_of
Circle Studio,Xbox,product_or_service_of,undefined
A Deadly Adoption,National Picture Show,client_of,product_or_service_of
BT,Tecdesk,acquired_by,client_of
Liggett Group,Grand Metropolitan plc,subsidiary_of,acquired_by
CMG,CMB Monaco,subsidiary_of,subsidiary_of
Cassa di Risparmio di Ascoli Piceno,Cariplo,product_or_service_of,subsidiary_of
Titan Maximum,"Stoopid Buddy Stoodios, LLC.",product_or_service_of,product_or_service_of
Khuda Kay Liye,Shoman Productions,competitor_of,product_or_service_of
Golden Wonder,Walkers,brand_of,acquired_by
Bargain Hunt,Essex,client_of,subsidiary_of
Dryworld Industries Inc.,Goiás,acquired_by,collaboration
Atari Corporation,Hasbro Interactive,brand_of,acquired_by
Lucky Stores,SuperValu,product_or_service_of,acquired_by
Making It,Paper Kite Productions,acquired_by,product_or_service_of
FIELDS Stores Ltd.,Zellers,acquired_by,subsidiary_of
Abbey Life Assurance Company Limited,Phoenix,shareholder_of,acquired_by
African Development Bank,Advans Banque Congo S.A.,collaboration,shareholder_of
Temperzone Limited,Hitachi,acquired_by,collaboration
Betstar,Ladbrokes Coral,subsidiary_of,acquired_by
WNBH,"Hall Communications, Inc.",collaboration,subsidiary_of
Monkeypaw Productions,Blumhouse Productions,merged_with,collaboration
"Lightspeed Trading, LLC","Lime Brokerage, LLC",undefined,merged_with
INSEAD,MPOWER Financing,product_or_service_of,undefined
Black Sails,Cape Town Film Studios,acquired_by,product_or_service_of
All American Television,Pearson Television,acquired_by,merged_with
SigmaTel,"Integrated Device Technology, Inc.",undefined,acquired_by
NIRA Dynamics AB,Frost & Sullivan,client_of,undefined
National Geographic,Adobe Workfront,traded_on,client_of
Monstermob,London Stock Exchange,product_or_service_of,traded_on
Oasis,Gin Gliders Inc.,subsidiary_of,product_or_service_of
Creation Financial Services Limited and Creation Consumer Finance Limited T/A BNP Paribas Personal Finance,Selfridges,undefined,subsidiary_of
WTMJ,Morgan Murphy Media,subsidiary_of,acquired_by
Axway Software,Sopra Steria Group SA,shareholder_of,subsidiary_of
Formation 8,Illumio,product_or_service_of,shareholder_of
Bully,Shark Island Productions,client_of,product_or_service_of
Kitbag,Nike,traded_on,collaboration
SHUAA Capital psc,Dubai Financial Market,product_or_service_of,traded_on
Splice,Cipher Prime,subsidiary_of,product_or_service_of
Thales Optronics,Thomson-CSF,competitor_of,acquired_by
TD Waterhouse Canada Inc.,Charles Schwab,product_or_service_of,competitor_of
The Code,Unusuality Productions,shareholder_of,product_or_service_of
Digital Currency Group,Bitso,product_or_service_of,shareholder_of
The Hunting Ground,Artemis Rising Foundation,merged_with,product_or_service_of
"Ultimate Software Group, Inc.",Kronos Incorporated,merged_with,merged_with
Delhi Railway,Scinde Railway,merged_with,merged_with
Portman Building Society,Nationwide Building Society,acquired_by,merged_with
"TASC, Inc.","Engility Holdings, Inc.",shareholder_of,acquired_by
RCS MediaGroup,RaiSat S.p.A.,traded_on,shareholder_of
RM plc,London Stock Exchange,acquired_by,traded_on
Westmont,Uganda Commercial Bank Ltd,merged_with,shareholder_of
National Electronic Distributors Association,Electronic Industries Alliance,subsidiary_of,merged_with
Cokesbury,United Methodist Church,traded_on,subsidiary_of
Reply,Italian Stock Exchange,competitor_of,traded_on
Rafaella,Levi Strauss & Co.,acquired_by,competitor_of
aldiscon,Logica,acquired_by,acquired_by
onefinestay,Accor,competitor_of,acquired_by
Arizona Public Service,Salt River Project,acquired_by,competitor_of
Higi LLC,Babylon Health,acquired_by,acquired_by
Airwide Solutions,Mavenir Systems,product_or_service_of,acquired_by
The Betsy,"Allied Artists International, Inc.",merged_with,product_or_service_of
Filmstaden,Odeon Kino,acquired_by,merged_with
Sage Telecom Inc.,TruConnect,traded_on,acquired_by
Richelieu Hardware Limited,Toronto Stock Exchange,shareholder_of,traded_on
Trinity Ventures,Skyfire,merged_with,shareholder_of
Techtron Pty Ltd,Varian Associates,traded_on,merged_with
Eidsiva Rederi ASA,Oslo Stock Exchange,shareholder_of,traded_on
Atlas Venture,seatwave,traded_on,shareholder_of
"Sonat, Inc.",New York Stock Exchange,client_of,traded_on
Southern California Edison,Casewise,product_or_service_of,client_of
The Heist,Whyte House Entertainment,acquired_by,product_or_service_of
"High Performance Technologies, Inc.",Dynamics Research Corporation,collaboration,acquired_by
CTERA,Cisco,collaboration,collaboration
LumenVox,Digium,subsidiary_of,collaboration
Finsbury,WPP plc,client_of,subsidiary_of
Harry & David,SLI Systems,merged_with,client_of
Ryman Ltd,Habitat,regulated_by,merged_with
SBID,Higher Education Statistics Agency,product_or_service_of,undefined
Fred 2: Night of the Living Fred,Varsity Pictures,subsidiary_of,product_or_service_of
Gallus Holding AG,Heidelberger Druckmaschinen AG,product_or_service_of,subsidiary_of
Forgiveness,Bright Shining City Productions,acquired_by,product_or_service_of
"Innovative Interfaces, Inc",Ex Libris,undefined,acquired_by
Livingbridge,TPG Capital,traded_on,undefined
Revera Inc.,Toronto Stock Exchange,acquired_by,traded_on
Rebel Sport Limited,Archer Capital,subsidiary_of,acquired_by
Blacks Outdoor Retail Ltd.,JD Sports Fashion plc,shareholder_of,subsidiary_of
Khosla Ventures,"ThoughtSpot, Inc.",collaboration,shareholder_of
SeedInvest,Gust,product_or_service_of,collaboration
Man Seeking Woman,Broadway Video,acquired_by,product_or_service_of
Bixby,Alfred,shareholder_of,acquired_by
Accel,Dovetail,undefined,shareholder_of
GSO Capital Partners,"Donaldson, Lufkin & Jenrette",acquired_by,collaboration
Commonwealth Aircraft Corporation,Hawker de Havilland,client_of,acquired_by
T-Mobile,"XebiaLabs, Inc.",product_or_service_of,client_of
The Legend of Sarila,"Phase 4 Films, Inc.",subsidiary_of,product_or_service_of
Radio Rentals,Thorn EMI,shareholder_of,subsidiary_of
Cisco,Altiostar,traded_on,shareholder_of
Grenke AG,Frankfurt Stock Exchange,product_or_service_of,traded_on
Intruder,KNB EFX Group,brand_of,product_or_service_of
Oak,Heinz Wattie's Limited,merged_with,product_or_service_of
Irish North Western Railway,Ulster Railway,client_of,merged_with
Sierra Ventures,Berkeley SkyDeck,traded_on,shareholder_of
EnServe Group Limited,London Stock Exchange,merged_with,traded_on
iXL,Avenue A,acquired_by,merged_with
Alabama National BanCorporation,"RBC Bank , N.A.",undefined,acquired_by
My Broadcasting Corporation,CKOB,merged_with,undefined
Glenn L. Martin Company,American-Marietta Corporation,subsidiary_of,merged_with
Media 8 Entertainment,Malofilm,brand_of,acquired_by
Mallard,Heartland RVs,subsidiary_of,brand_of
Riverside Insights,Houghton Mifflin Harcourt,competitor_of,subsidiary_of
"Addepar, Inc.",Orion,collaboration,competitor_of
Verizon,West Central Wireless,competitor_of,collaboration
WingTips Airport Services,Servisair,product_or_service_of,competitor_of
Ogre,Metagaming Concepts,product_or_service_of,product_or_service_of
The Big One,"Associated Production Music, LLC",product_or_service_of,product_or_service_of
The Wise Kids,Wolfe Video,regulated_by,product_or_service_of
Teachers Life Insurance Society,Office of the Superintendent of Financial Institutions,shareholder_of,regulated_by
Channel 4,True North Productions,collaboration,shareholder_of
Opportunity Network,Vietinbank,subsidiary_of,collaboration
Leica Biosystems,Danaher Corporation,collaboration,subsidiary_of
Sky Studios,Punchdrunk International,competitor_of,collaboration
Miracle Mart,Zellers,shareholder_of,competitor_of
Alibaba,Kabam Inc.,competitor_of,shareholder_of
Cassa Padana,ChiantiBanca,collaboration,competitor_of
Blizzard,Tespa,product_or_service_of,collaboration
Seabiscuit,Insignia Films,traded_on,product_or_service_of
PT CT Corpora,Jakarta Stock Exchange,acquired_by,traded_on
Optelian Access Networks Corporation,DZS,product_or_service_of,acquired_by
TestComplete,AutomatedQA Corp.,collaboration,product_or_service_of
Fluidmesh Networks,Pelco,product_or_service_of,collaboration
Sphinx,LumenVox,competitor_of,undefined
American Fletcher National Bank and Trust Company,INB Financial Corporation,acquired_by,competitor_of
Brigham's Ice Cream,HP Hood,client_of,acquired_by
HBO,Whip Media,acquired_by,client_of
GTV-9,Publishing and Broadcasting Ltd,product_or_service_of,acquired_by
My Dear Enemy,Ciné-Asie Creatives,undefined,product_or_service_of
Rizzoli Bookstore,Columbia,product_or_service_of,undefined
Strada,Avanti,brand_of,brand_of
Butterfly,Duncan Toys,merged_with,product_or_service_of
Scranton Button Company,Cameo Records,subsidiary_of,merged_with
GroupLogic,Acronis,brand_of,subsidiary_of
Merit,Meadville Corporation,undefined,brand_of
Four Square,Friendly Grocer,acquired_by,undefined
Phillips & Drew,Union Bank of Switzerland,shareholder_of,acquired_by
Baseline Ventures,OMGPop,product_or_service_of,shareholder_of
ESL,Language Studies International LSI,undefined,product_or_service_of
CBS,Smoke Signal Broadcasting,collaboration,undefined
Nyfors Teknologi AB,Alcatel,subsidiary_of,collaboration
Montgomery Elevator,KONE,acquired_by,acquired_by
Greenstone TV,CJZ,client_of,acquired_by
Ford,Perry Engineering,undefined,client_of
Jet.com,Amazon,client_of,undefined
E4,Clerkenwell Films,product_or_service_of,product_or_service_of
Altea,Nervures,shareholder_of,product_or_service_of
Norwest Venture Partners,Cynet,acquired_by,shareholder_of
Charter International plc,Colfax Corporation,acquired_by,acquired_by
Yeti Cycles,Volant,undefined,acquired_by
Rogers Cable Inc.,Mountain Cablevision,undefined,competitor_of
Kramers,Square Books,undefined,competitor_of
MidOcean Partners,Deutsche Bank,acquired_by,undefined
Orcon Limited,Kordia,undefined,acquired_by
CaptionMax,Department of Education,product_or_service_of,undefined
Marmayogi,Pyramid Saimira,client_of,product_or_service_of
"Uncooked, Inc.",MTV Video Music Awards,client_of,undefined
First Star Software,Tynesoft Computer Software,collaboration,product_or_service_of
Christopher Ward  Limited,Bluebird,undefined,collaboration
Atari 2600,Pink Gorilla LLC,regulated_by,product_or_service_of
Klima,Verified Carbon Standard,product_or_service_of,regulated_by
The Man in the High Castle,Headline Pictures,product_or_service_of,product_or_service_of
Some Like It Hot,"VidAmerica, Inc.",acquired_by,product_or_service_of
PlumChoice,Allstate,collaboration,acquired_by
Piperlime,Project Runway,client_of,collaboration
Demon Internet,Ascend Communications,acquired_by,client_of
Adams,TaylorMade,acquired_by,acquired_by
Altra Running,VF Corporation,product_or_service_of,acquired_by
dbFX,Deutsche Bank,product_or_service_of,product_or_service_of
Limite,Cinédia,traded_on,product_or_service_of
Lamprell plc,London Stock Exchange,product_or_service_of,traded_on
Doraemon,"AltJapan Co, Ltd.",client_of,product_or_service_of
Loyola University New Orleans,Morrison Management Specialists,product_or_service_of,client_of
Dosti,Rajshri Media,collaboration,product_or_service_of
Helog,Mercy Corps,shareholder_of,collaboration
Carma,SOSV,traded_on,product_or_service_of
Venture Production Ltd,FTSE 250 Index,client_of,traded_on
Fisher Scientific,Unilog Content Solutions,undefined,client_of
Four Star Television,Desilu Productions,acquired_by,undefined
Kendall and Sons Limited,Next,acquired_by,subsidiary_of
Farmers' Bank of Delaware,Girard Bank,acquired_by,acquired_by
The Pirate Bay,Global Gaming Factory X,undefined,acquired_by
Shopping.com,Amazon,shareholder_of,competitor_of
GGV Capital,"Bowery Farming, Inc.",product_or_service_of,shareholder_of
lonelygirl15,EQAL,traded_on,product_or_service_of
Guardian Capital Group,Toronto Stock Exchange,collaboration,traded_on
Max Group,Hutchison Asia Telecom Group,product_or_service_of,merged_with
The Light Fantastic,Innovation Publishing,collaboration,product_or_service_of
Red Digital Cinema,Leia Inc.,acquired_by,collaboration
"MacSpeech, Inc.","Nuance Communications, Inc.",product_or_service_of,acquired_by
San Juan 24,Clark Boat Company,competitor_of,product_or_service_of
Central Point Software,Norton Utilities,undefined,competitor_of
"Kavapoint, Inc.",iPhone,client_of,undefined
"Berkery, Noyes & Co., LLC",McGraw-Hill,undefined,collaboration
Belgrave Trust,TerraPass,acquired_by,undefined
Projectplace,Planview,traded_on,acquired_by
Fevertree Drinks plc,London Stock Exchange,traded_on,traded_on
CPL Aromas,London Stock Exchange,acquired_by,traded_on
Genesis,Paradigm Talent Agency,regulated_by,acquired_by
Farm Credit Canada,Parliament of Canada,merged_with,regulated_by
Société de Construction des Batignolles,SPIE,product_or_service_of,merged_with
Teenage Mutant Ninja Turtles,Dancing Diablo,client_of,product_or_service_of
Central Park Media,Ocean Productions,traded_on,client_of
Floors-2-Go,London Stock Exchange,product_or_service_of,traded_on
Woolworths Supermarkets,Shopa Docket,collaboration,client_of
EBSCO Information Services,ByWater Solutions LLC,product_or_service_of,collaboration
Borderland,In Films,product_or_service_of,product_or_service_of
C&S Wholesale Grocers,Met Foodmarkets,product_or_service_of,undefined
PonoPlayer,Ayre Acoustics,product_or_service_of,product_or_service_of
Fender Musical Instruments Corporation,Fishman,competitor_of,client_of
Harbert Management Corporation,Falcone,product_or_service_of,competitor_of
URI Purposely Built Vehicles PTY LTD,Toyota,client_of,client_of
Topper,San Isidro,shareholder_of,collaboration
Granite Ventures,HyTrust,undefined,shareholder_of
Central Michigan University,MediaSentry,acquired_by,undefined
Merchants National Corporation,National City Corporation,product_or_service_of,acquired_by
Canadian Arrow,PlanetSpace,product_or_service_of,product_or_service_of
Twenga,Android,product_or_service_of,undefined
"Zumobi, Inc",BlackBerry,competitor_of,undefined
Spotlight Group Holdings,Big W,product_or_service_of,competitor_of
"Gun Media Holdings, Inc.",PlayStation 4,acquired_by,undefined
Pegasus Solutions,"Regent, L.P.",client_of,acquired_by
Quayle Munro,Scottish Enterprise,undefined,undefined
MIT Media Lab,"Groundhog Technologies, Inc.",product_or_service_of,undefined
Haridas,Central Studios,product_or_service_of,product_or_service_of
Guglielmo Caffè S.p.A.,Fiat 1100,traded_on,undefined
RAK Ceramics P.J.S.C,Abu Dhabi Securities Exchange,collaboration,traded_on
Banco di Sicilia,Banco di Napoli,client_of,competitor_of
Norwegian State Railways,"SISCOG - Sistemas Cognitivos, SA",client_of,client_of
MapQuest,"Where, Inc.",undefined,client_of